Año,Trimestre,Provincia,Accesos por cada 100 hogares,Banda ancha fija,Dial up,Total,HASTA 512 kbps,+ 512 Kbps - 1 Mbps,+ 1 Mbps - 6 Mbps,+ 6 Mbps - 10 Mbps,+ 10 Mbps - 20 Mbps,+ 20 Mbps - 30 Mbps,+ 30 Mbps,OTROS
2022,3,Buenos Aires,78.11,4715469,6199,4721668,29985,27709,290315,297915,267044,12419,3618689,65821
2022,3,Capital Federal,122.28,1545534,2145,1547679,5170,5742,34371,67829,51946,28692,1253105,105477
2022,3,Catamarca,65.33,70292,1,70293,710,3840,3107,5389,5099,3737,50298,2208
2022,3,Chaco,43.86,144141,5,144146,4610,9870,16782,18938,8049,15828,79390,3711
2022,3,Chubut,84.38,164874,904,165778,1090,1444,45707,3094,34682,15309,17563,20024
2022,3,Córdoba,88.31,1038600,68,1038668,990,11312,153324,111615,70989,27112,650344,13873
2022,3,Corrientes,48.21,144842,4,144846,670,3865,23427,23948,7776,21706,56950,7107
2022,3,Entre Ríos,63.67,268937,22,268959,1070,5549,47210,46855,18263,32021,102195,16759
2022,3,Formosa,43.76,68537,1,68538,970,3070,23538,19545,6194,5640,17704,5890
2022,3,Jujuy,58.91,118823,0,118823,580,1879,19135,15254,36083,5190,45895,0
2022,3,La Pampa,96.59,115921,171,116092,680,1887,61540,9653,11592,5609,22731,3012
2022,3,La Rioja,80.66,86860,4,86864,180,6890,2842,3375,24219,5331,50390,0
2022,3,Mendoza,51.03,288746,777,289523,1030,2953,44232,21977,48201,17243,150043,4771
2022,3,Misiones,51.82,182157,0,182157,510,3749,36628,20758,12676,19615,80330,835
2022,3,Neuquén,80.37,162693,468,163161,1340,9910,38485,1408,92,67,78713,14858
2022,3,Río Negro,67.98,160010,548,160558,1110,1221,32936,1786,27934,13629,42596,24271
2022,3,Salta,57.76,204536,5,204541,1140,149,32923,71199,5662,1001,85661,6491
2022,3,San Juan,50.8,103118,281,103399,240,2027,30324,11247,22157,678,19221,11619
2022,3,San Luis,81.74,121888,182,122070,600,3070,6563,20813,12061,67438,13,14815
2022,3,Santa Cruz,43.19,49312,198,49510,520,6841,12342,11313,11378,2333,4604,6470
2022,3,Santa Fe,78.55,887700,110,887810,4680,11132,132709,198588,70897,57455,396352,20209
2022,3,Santiago Del Estero,47.98,119030,2,119032,1780,1384,28357,58982,16087,9100,12342,7920
2022,3,Tierra Del Fuego,99.51,53584,312,53896,220,8310,12002,14815,20102,1752,1021,3351
2022,3,Tucumán,61.14,263087,30,263117,390,2047,32571,39018,25214,4348,159600,2800
2022,2,Buenos Aires,77.58,4660984,6199,4667183,30639,28323,295238,307554,273954,129869,3535757,65849
2022,2,Capital Federal,121.31,1534626,2145,1536771,5170,598,36036,72434,55372,31571,1229254,105607
2022,2,Catamarca,62.4,67007,1,67008,710,4130,3678,6155,7165,3393,43926,2207
2022,2,Chaco,43.79,143559,5,143564,4610,1047,17603,20109,8391,15974,76271,3708
2022,2,Chubut,83.19,161901,904,162805,1090,1444,45804,31217,3429,14526,15394,20021
2022,2,Córdoba,87.48,1026367,68,1026435,990,11971,160486,120485,71923,28645,619400,13426
2022,2,Corrientes,48.35,144993,4,144997,670,3937,24253,24842,8001,21719,55071,7107
2022,2,Entre Ríos,63.9,269330,22,269352,1070,5656,48637,48557,18512,32355,98769,16759
2022,2,Formosa,43.42,67881,0,67881,970,4070,23834,19706,633,5910,16326,5900
2022,2,Jujuy,57.32,115314,0,115314,580,1829,19458,1579,37786,5490,37391,2453
2022,2,La Pampa,92.98,111356,171,111527,680,1887,62546,9842,118,5247,17125,3012
2022,2,La Rioja,80.14,86026,4,86030,180,7280,3179,389,23814,5481,48920,0
2022,2,Mendoza,49.39,278785,777,279562,1030,2954,44961,22557,64138,19543,121366,394
2022,2,Misiones,51.0,178813,0,178813,510,3808,37254,21712,12774,19757,75107,835
2022,2,Neuquén,80.02,161500,468,161968,1340,9990,38826,15066,9205,2039,76982,18717
2022,2,Río Negro,67.85,159216,548,159764,1110,1227,33364,17938,27168,13714,41972,2427
2022,2,Salta,57.54,203172,5,203177,1140,153,33732,72661,6012,1156,81478,6494
2022,2,San Juan,49.46,100126,281,100407,240,2027,30385,11276,24649,3728,16701,11617
2022,2,San Luis,81.76,121559,182,121741,600,3060,6840,21217,11052,67438,13,14815
2022,2,Santa Cruz,43.15,48987,198,49185,520,6841,12348,11369,11885,2454,3592,6440
2022,2,Santa Fe,77.9,878749,110,878859,4680,11757,138534,204381,74133,58114,373888,17584
2022,2,Santiago Del Estero,47.7,118042,2,118044,1780,1401,29581,59931,14606,8830,10672,7920
2022,2,Tierra Del Fuego,99.86,53458,312,53770,220,8310,12052,14828,19968,1712,1006,3351
2022,2,Tucumán,59.31,254497,30,254527,390,2195,34461,43513,23634,4863,145541,2810
2022,1,Buenos Aires,76.08,4549131,6293,4555424,31591,30056,313382,321756,290127,161183,3381049,2628
2022,1,Capital Federal,111.8,1415378,2163,1417541,5270,5575,39918,7739,61053,43289,1188072,1717
2022,1,Catamarca,58.21,62377,1,62378,710,4560,4386,7009,8773,3761,35715,2207
2022,1,Chaco,44.06,144114,5,144119,4610,1099,16888,21235,20898,13012,62946,758
2022,1,Chubut,88.05,170701,927,171628,1130,1677,61369,31856,3308,13871,14055,15607
2022,1,Córdoba,85.76,1003729,74,1003803,1000,12782,165922,126009,73967,34892,577027,13104
2022,1,Corrientes,47.64,142574,4,142578,670,4029,24563,25665,27077,10452,43631,7094
2022,1,Entre Ríos,63.7,267904,22,267926,1070,5745,50075,4962,42294,21578,81757,1675
2022,1,Formosa,34.96,54548,0,54548,970,4480,24113,6945,6613,7160,15028,5880
2022,1,Jujuy,58.06,116509,0,116509,580,1761,22141,16321,37923,5760,35287,2442
2022,1,La Pampa,91.66,109560,172,109732,3010,2223,62812,9869,12044,525,14400,2833
2022,1,La Rioja,78.77,84299,4,84303,180,7780,3576,4692,23624,5645,45970,0
2022,1,Mendoza,48.74,274399,786,275185,1140,3355,51230,26407,74178,21566,95048,3287
2022,1,Misiones,49.04,171508,0,171508,510,3873,35655,22261,26855,15854,58610,8349
2022,1,Neuquén,74.17,149208,471,149679,1370,1123,39856,15623,11163,2654,71238,7885
2022,1,Río Negro,67.04,156821,553,157374,1160,1383,35565,18859,26926,14144,37729,22652
2022,1,Salta,56.11,197510,5,197515,1140,1725,35576,68246,6313,2214,76838,6489
2022,1,San Juan,43.55,87888,290,88178,260,2269,32356,11914,25144,2088,11916,2465
2022,1,San Luis,80.72,119659,185,119844,610,6430,8287,3837,9802,68612,13,28589
2022,1,Santa Cruz,43.34,48898,204,49102,510,6898,12710,11502,12277,2628,2551,4850
2022,1,Santa Fe,77.3,870364,115,870479,4680,12435,143796,208361,84787,58018,344170,18444
2022,1,Santiago Del Estero,47.17,116459,2,116461,1780,1401,30220,6117,13542,8490,8309,7920
2022,1,Tierra Del Fuego,98.29,52298,313,52611,240,8940,12849,1564,18034,1767,982,2421
2022,1,Tucumán,57.39,245554,30,245584,390,2212,36028,46961,21014,5211,133846,2730
2021,4,Buenos Aires,75.66,4502772,6385,4509157,37821,11026,352950,331292,297296,196021,3259793,22958
2021,4,Capital Federal,111.27,1409935,2184,1412119,5630,1695,47133,81899,66135,66755,1147939,0
2021,4,Catamarca,55.25,59089,1,59090,710,0,6038,7855,9804,3262,29827,2233
2021,4,Chaco,44.05,143740,5,143745,4610,1120,18845,22678,21937,13692,58435,7585
2021,4,Chubut,82.57,159364,944,160308,1260,1294,63698,39568,31175,578,2904,15763
2021,4,Córdoba,84.51,986693,77,986770,1000,2479,184548,130892,76246,41198,538700,12607
2021,4,Corrientes,45.51,135908,4,135912,670,6450,28830,26368,22922,10087,39911,7082
2021,4,Entre Ríos,63.16,265024,22,265046,1070,3024,56043,49636,38295,24068,77290,16583
2021,4,Formosa,34.45,53663,0,53663,840,0,22908,6983,6811,1135,13775,1967
2021,4,Jujuy,56.92,113915,0,113915,580,1750,22446,16793,38134,5640,33421,2324
2021,4,La Pampa,89.57,106834,173,107007,3010,4930,64840,9082,12259,4821,12184,3027
2021,4,La Rioja,77.92,83124,4,83128,180,10,5018,5437,23559,5671,43424,0
2021,4,Mendoza,47.51,266783,804,267587,1560,1463,66428,30308,75214,18621,75031,3660
2021,4,Misiones,49.06,171132,0,171132,510,50,41916,23554,26721,15954,54596,8335
2021,4,Neuquén,73.3,146989,477,147466,1400,9400,42313,13264,10515,331,69217,7767
2021,4,Río Negro,65.69,153189,564,153753,1560,1174,38373,19878,31255,413,36142,22645
2021,4,Salta,56.81,199399,6,199405,1140,200,40673,69324,6642,3535,72622,6475
2021,4,San Juan,39.59,79667,291,79958,440,1442,28906,10955,23978,3980,9800,4435
2021,4,San Luis,80.3,118662,187,118849,620,2640,8550,4276,9107,67363,9,29218
2021,4,Santa Cruz,43.05,48276,210,48486,520,2970,20305,11641,13054,177,876,4910
2021,4,Santa Fe,77.09,866265,176,866441,4670,5810,169706,206856,8569,62349,322015,18777
2021,4,Santiago Del Estero,47.05,115859,2,115861,1780,9090,31915,61524,12205,8000,7537,7930
2021,4,Tierra Del Fuego,98.4,52042,315,52357,260,3850,13505,16534,16562,1748,1017,258
2021,4,Tucumán,55.93,238609,30,238639,390,970,37321,48736,21023,5326,125857,2400
2021,3,Buenos Aires,71.68,4246425,5184,4251609,37193,31149,1108940,248153,141383,192797,2482266,9728
2021,3,Capital Federal,111.27,1411797,1608,1413405,2950,6030,156978,67013,39785,73502,1075229,0
2021,3,Catamarca,52.71,56253,1,56254,710,0,6755,8428,10517,1659,26618,2206
2021,3,Chaco,42.96,139868,3,139871,3010,1120,22545,20986,23852,14412,49705,7958
2021,3,Chubut,80.71,155266,800,156066,1040,1050,89168,26281,18538,532,1643,14907
2021,3,Córdoba,81.28,946726,62,946788,990,2452,204989,141285,6505,47198,476459,9256
2021,3,Corrientes,44.9,133816,3,133819,670,6450,29629,28478,24792,9687,35468,5053
2021,3,Entre Ríos,62.18,260360,15,260375,1070,3024,61354,59776,39114,16284,67961,12755
2021,3,Formosa,33.96,52795,0,52795,3810,0,22778,7142,6978,1192,12707,1617
2021,3,Jujuy,55.69,111158,0,111158,480,1750,23884,16417,37755,5610,29917,2401
2021,3,La Pampa,84.28,100371,116,100487,2980,3130,65063,7395,8737,4023,10506,4152
2021,3,La Rioja,77.26,82157,3,82160,180,10,5366,5979,23315,4868,42613,0
2021,3,Mendoza,45.55,255320,619,255939,360,310,151871,1264,62628,7596,21087,500
2021,3,Misiones,45.57,158528,0,158528,510,50,41932,25099,26079,14792,42291,8279
2021,3,Neuquén,69.71,139436,373,139809,1120,3270,57441,8566,6234,3631,57919,5579
2021,3,Río Negro,61.97,144084,501,144585,1250,5570,68991,373,1488,2282,34011,20009
2021,3,Salta,55.96,195831,2,195833,1010,200,41431,70104,6962,3878,67010,6327
2021,3,San Juan,39.46,79227,256,79483,180,3330,59873,7520,1325,3380,278,4641
2021,3,San Luis,79.87,117716,148,117864,600,0,11552,2405,6491,67942,22,29392
2021,3,Santa Cruz,43.75,48779,197,48976,500,0,30561,8365,6799,1788,678,7350
2021,3,Santa Fe,75.02,841433,151,841584,4670,5790,193207,20125,83941,5508,290793,16267
2021,3,Santiago Del Estero,47.0,115457,1,115458,1230,9090,32752,61838,11274,8010,6863,8980
2021,3,Tierra Del Fuego,94.95,49934,289,50223,170,0,23723,13397,9782,1433,976,8950
2021,3,Tucumán,54.64,232447,25,232472,320,970,39446,50293,21986,53,115154,1640
2021,2,Buenos Aires,70.0,4127167,5184,4132351,37192,31178,1096049,244001,140322,236897,2337604,9108
2021,2,Capital Federal,110.14,1398747,1608,1400355,2940,6030,157558,73568,43859,86655,1037752,660
2021,2,Catamarca,52.34,55743,1,55744,710,0,7219,9091,6828,4941,25388,2206
2021,2,Chaco,43.33,140726,3,140729,3010,1120,23444,21574,24032,16069,47239,7958
2021,2,Chubut,72.29,138412,825,139237,1040,1050,89639,22605,16604,3896,1112,5172
2021,2,Córdoba,80.12,930818,62,930880,990,2452,201757,136516,6695,70824,442357,9925
2021,2,Corrientes,43.54,129498,3,129501,670,6450,29419,27037,24524,10059,32697,5053
2021,2,Entre Ríos,61.66,257617,15,257632,1070,3024,63518,55349,39468,18484,61605,16077
2021,2,Formosa,33.23,51551,0,51551,3810,0,22364,731,746,1341,11077,1618
2021,2,Jujuy,56.18,111848,0,111848,480,1750,24182,16577,37908,6070,29950,2401
2021,2,La Pampa,82.08,97551,116,97667,2980,5540,64146,7769,8128,3399,9311,4062
2021,2,La Rioja,76.98,81599,3,81602,180,10,5312,5971,23298,4825,42158,190
2021,2,Mendoza,40.97,229052,619,229671,360,310,137462,10886,56117,4403,20686,500
2021,2,Misiones,45.01,156176,0,156176,510,50,41643,25907,25811,16172,38308,8279
2021,2,Neuquén,69.14,137877,373,138250,1120,3270,57713,8631,5871,5943,54008,5645
2021,2,Río Negro,61.94,143583,501,144084,1250,5570,69356,3663,15019,3867,31488,20009
2021,2,Salta,54.93,191637,2,191639,1010,200,42543,67012,7099,9654,58882,6328
2021,2,San Juan,39.28,78677,256,78933,180,3330,59989,7840,1255,3400,278,4641
2021,2,San Luis,83.48,122670,148,122818,600,0,11752,2703,5418,65946,22,36917
2021,2,Santa Cruz,44.01,48785,197,48982,500,0,30595,8463,6888,1575,676,7350
2021,2,Santa Fe,75.07,840449,151,840600,4670,8960,202018,204077,80452,75195,262124,15371
2021,2,Santiago Del Estero,46.56,114089,1,114090,1230,9090,32034,62224,10359,8110,6064,1566
2021,2,Tierra Del Fuego,67.89,35404,289,35693,170,0,21335,6913,458,4760,889,1483
2021,2,Tucumán,54.93,233026,25,233051,320,970,40224,51648,23732,5022,109616,268
2021,1,Buenos Aires,69.11,4054936,5066,4060002,36939,31187,1108368,24052,163747,222061,2246313,10867
2021,1,Capital Federal,108.42,1378283,1390,1379673,1350,2440,159662,76753,56457,83255,1003041,1260
2021,1,Catamarca,48.9,51967,1,51968,710,0,7423,8455,10115,7120,22996,2196
2021,1,Chaco,43.14,139767,3,139770,3010,1120,24357,22102,27556,14496,42462,8384
2021,1,Chubut,68.99,131515,825,132340,1060,1090,86986,21401,15392,2844,1112,439
2021,1,Córdoba,78.59,910826,55,910881,930,2386,211799,135092,74659,71984,402191,12677
2021,1,Corrientes,42.66,126622,3,126625,670,5270,31544,26223,26169,9001,27641,5453
2021,1,Entre Ríos,60.44,251950,13,251963,1050,2911,67255,5606,42432,15774,54600,12826
2021,1,Formosa,32.73,50686,0,50686,560,0,22409,7569,7916,1215,9579,1942
2021,1,Jujuy,55.63,110456,0,110456,490,1750,23735,17293,40649,5680,25609,2378
2021,1,La Pampa,81.78,96989,116,97105,2980,5540,68200,7864,7611,2786,7368,2424
2021,1,La Rioja,49.81,52625,3,52628,180,10,36749,5968,4604,2150,5074,-10
2021,1,Mendoza,39.15,218308,615,218923,280,400,134386,11216,52533,4061,16615,440
2021,1,Misiones,43.17,149387,0,149387,510,5240,40949,25503,27101,1405,32953,8256
2021,1,Neuquén,66.84,132862,373,133235,1160,3270,56171,8443,5903,5677,50840,5758
2021,1,Río Negro,60.88,140667,501,141168,1250,4660,70011,4187,13045,3642,29589,20103
2021,1,Salta,53.93,187572,2,187574,1090,200,40785,68149,9164,8139,54889,6319
2021,1,San Juan,39.06,78011,256,78267,250,1940,60439,8580,11494,3400,276,4641
2021,1,San Luis,81.24,119006,148,119154,580,0,11889,2926,4429,62913,22,36917
2021,1,Santa Cruz,41.65,45868,197,46065,500,0,30655,8334,6987,1337,647,-1945
2021,1,Santa Fe,73.92,825990,137,826127,5180,8910,201632,204458,91846,65476,236924,24382
2021,1,Santiago Del Estero,45.67,111640,1,111641,1230,9090,33884,58464,8549,7000,4868,4144
2021,1,Tierra Del Fuego,77.35,40133,289,40422,170,0,21379,1468,4317,4860,919,11836
2021,1,Tucumán,54.82,231890,22,231912,290,970,42810,53416,25255,4188,103437,268
2020,4,Buenos Aires,68.98,4028195,5066,4033261,36939,31197,1109865,242243,214171,213588,2176242,9016
2020,4,Capital Federal,108.31,1378140,1390,1379530,1350,2440,160210,78123,60208,80269,1000073,2680
2020,4,Catamarca,49.41,52395,1,52396,710,0,8843,874,11436,5910,20406,2309
2020,4,Chaco,43.03,139088,3,139091,3010,1120,24782,22479,26802,15701,40949,7965
2020,4,Chubut,68.35,129749,825,130574,1060,1090,88157,21824,12046,2818,1112,4402
2020,4,Córdoba,78.08,902646,55,902701,1190,2386,214963,135262,82221,70013,384169,13568
2020,4,Corrientes,42.43,125656,3,125659,670,5270,31900,26321,25687,9383,26789,4985
2020,4,Entre Ríos,59.47,247368,13,247381,1050,2911,65659,53556,40755,166,53141,14654
2020,4,Formosa,32.49,50206,0,50206,560,0,23540,7606,7181,1197,8946,168
2020,4,Jujuy,53.46,105851,0,105851,490,1820,23772,14379,4493,4460,19282,2811
2020,4,La Pampa,81.77,96779,116,96895,2980,5540,70184,8124,6562,2396,6257,252
2020,4,La Rioja,50.11,52775,3,52778,180,10,36906,606,4633,1810,4979,0
2020,4,Mendoza,38.63,214838,615,215453,280,400,146312,11172,40396,3378,11557,257
2020,4,Misiones,42.64,147161,0,147161,510,5240,39988,26078,26445,1481,32264,7001
2020,4,Neuquén,67.0,132762,373,133135,1160,3270,56434,8478,5791,5493,50776,572
2020,4,Río Negro,61.09,140709,501,141210,1250,4660,70305,4153,13131,3512,29372,20146
2020,4,Salta,54.04,187388,2,187390,1090,5140,41443,68829,15188,8291,46697,6319
2020,4,San Juan,36.32,72340,256,72596,250,1940,61316,7400,5126,3320,275,4588
2020,4,San Luis,81.68,119287,148,119435,580,0,14020,349,2688,62239,22,36918
2020,4,Santa Cruz,37.0,40477,197,40674,470,0,27173,4382,6634,1033,647,7580
2020,4,Santa Fe,73.58,820676,137,820813,5180,8910,206372,203793,94246,65145,226246,23602
2020,4,Santiago Del Estero,43.75,106668,1,106669,1230,9090,34518,5759,4666,4110,4520,3932
2020,4,Tierra Del Fuego,76.27,39325,289,39614,170,0,21881,6119,3497,4880,922,669
2020,4,Tucumán,54.78,231067,22,231089,290,970,44095,54334,32155,4105,93594,268
2020,3,Buenos Aires,67.66,3932211,5066,3937277,37542,31514,1113823,23471,219772,194248,2085815,19853
2020,3,Capital Federal,107.68,1371285,1390,1372675,2640,3120,162222,85083,68753,78028,977766,2470
2020,3,Catamarca,47.16,49903,1,49904,630,0,8276,8768,11195,5620,18886,2154
2020,3,Chaco,41.54,133951,3,133954,3080,1120,24675,21639,27546,13751,38729,7194
2020,3,Chubut,68.34,129202,825,130027,1580,1090,87559,22114,12217,2818,1110,3942
2020,3,Córdoba,75.22,867417,55,867472,1680,3064,218599,124833,84236,63823,361021,11728
2020,3,Corrientes,41.75,123388,3,123391,720,5270,35190,23315,25308,8615,25344,502
2020,3,Entre Ríos,58.19,241482,13,241495,1300,2911,66648,51478,40797,14377,49395,15759
2020,3,Formosa,31.91,49209,0,49209,3910,1510,23163,7432,7125,9910,8219,1737
2020,3,Jujuy,54.04,106728,0,106728,550,1820,32131,10566,45198,2930,15238,3065
2020,3,La Pampa,79.26,93619,116,93735,2930,8100,66695,782,5577,2189,6322,4029
2020,3,La Rioja,50.12,52613,3,52616,210,10,37105,5955,466,1240,4748,20
2020,3,Mendoza,37.35,207173,615,207788,580,400,141404,12123,42433,3448,8237,450
2020,3,Misiones,41.6,143186,0,143186,710,5240,39005,24215,25942,13663,30987,8779
2020,3,Neuquén,65.24,128862,373,129235,2180,3270,60463,6561,5975,5449,49439,8030
2020,3,Río Negro,57.05,130966,501,131467,1140,4660,68986,3769,7096,3455,28488,19093
2020,3,Salta,52.32,180844,2,180846,1290,5140,32780,64736,1599,7928,43773,14996
2020,3,San Juan,38.79,77071,256,77327,480,1940,65526,7110,6529,410,128,415
2020,3,San Luis,79.96,116417,148,116565,1050,0,12199,3351,2666,61319,8,36917
2020,3,Santa Cruz,35.95,39084,197,39281,660,0,26888,4015,673,6290,120,8330
2020,3,Santa Fe,72.12,802861,137,802998,5680,1241,213353,199381,92095,58797,210562,27001
2020,3,Santiago Del Estero,43.38,105491,1,105492,1330,9090,33287,57418,4658,2920,3994,4801
2020,3,Tierra Del Fuego,76.81,39366,289,39655,110,0,22094,5414,3726,4810,937,6992
2020,3,Tucumán,53.23,223854,22,223876,520,970,45913,5461,33126,3246,84195,2637
2020,2,Buenos Aires,65.22,3772480,5066,3777546,37542,31606,1129236,241336,233132,188995,1894466,21233
2020,2,Capital Federal,106.41,1356431,1390,1357821,2640,3120,166474,94585,79858,8016,935481,6870
2020,2,Catamarca,45.43,47975,1,47976,630,0,8801,869,10242,4260,16578,3176
2020,2,Chaco,39.83,128129,3,128132,3080,9280,24350,2114,29044,12082,33311,6969
2020,2,Chubut,57.34,107831,825,108656,1580,1090,69578,22188,10537,1473,614,3999
2020,2,Córdoba,72.71,836413,55,836468,1680,4383,219025,125932,8953,63216,325243,8971
2020,2,Corrientes,40.3,118863,3,118866,720,5270,34242,22845,25844,7898,22418,502
2020,2,Entre Ríos,56.54,234100,13,234113,1300,3679,66758,5064,4209,12856,43391,14569
2020,2,Formosa,31.14,47932,0,47932,3910,1510,23534,7109,6998,9610,7475,1313
2020,2,Jujuy,47.89,94316,0,94316,550,1820,30548,10519,26829,2090,9417,16557
2020,2,La Pampa,76.1,89693,116,89809,2930,8100,71218,7531,38,1657,3377,1123
2020,2,La Rioja,49.84,52152,3,52155,210,10,37375,5661,4686,730,4336,20
2020,2,Mendoza,36.25,200569,615,201184,580,400,142253,12439,35274,3248,5422,245
2020,2,Misiones,40.89,140340,0,140340,710,5240,39867,23719,26445,12305,28763,8646
2020,2,Neuquén,63.9,125799,373,126172,2180,3270,61171,6103,6625,5296,46432,0
2020,2,Río Negro,56.37,128985,501,129486,1140,4660,70817,3335,7498,3246,26953,17057
2020,2,Salta,51.58,177760,2,177762,1290,5140,41801,64463,16989,7741,39594,6531
2020,2,San Juan,35.09,69521,256,69777,480,1940,59113,9170,4908,400,127,443
2020,2,San Luis,78.41,113804,148,113952,1050,0,11439,3585,1934,60889,8,35992
2020,2,Santa Cruz,35.79,38672,197,38869,660,0,26938,4166,6541,5460,119,4930
2020,2,Santa Fe,70.0,777795,137,777932,5680,2061,213054,198772,96575,57236,189473,20193
2020,2,Santiago Del Estero,43.47,105446,1,105447,1330,1779,32557,57709,5178,2470,3328,4516
2020,2,Tierra Del Fuego,76.37,38900,289,39189,110,0,22325,5186,3034,3910,796,7446
2020,2,Tucumán,51.78,217134,22,217156,520,970,49028,54537,34184,2246,74377,2635
2020,1,Buenos Aires,64.33,3702985,5066,3708051,38215,36802,1122034,236421,247977,20578,1802583,28935
2020,1,Capital Federal,105.98,1352104,1390,1353494,2640,3120,169651,102254,89665,85899,906009,0
2020,1,Catamarca,37.62,39634,1,39635,630,0,8838,7543,9558,4080,10299,2151
2020,1,Chaco,37.48,120274,3,120277,3080,9280,23291,19976,29851,10416,28539,6917
2020,1,Chubut,51.27,95938,800,96738,1580,1090,69586,12957,7756,124,614,45
2020,1,Córdoba,70.69,811044,55,811099,1420,5128,217229,120188,95827,65733,296875,9802
2020,1,Corrientes,38.73,113967,3,113970,720,5270,33479,21382,26679,7351,19467,478
2020,1,Entre Ríos,56.12,231833,13,231846,1300,4081,72280,47132,41125,11988,39794,13762
2020,1,Formosa,30.23,46434,0,46434,1127,3420,23761,65,6564,9640,6918,1000
2020,1,Jujuy,46.67,91665,0,91665,550,1820,33120,9979,26693,1660,7349,16545
2020,1,La Pampa,75.77,89110,116,89226,2930,8110,72740,7199,3029,1342,2113,1618
2020,1,La Rioja,46.35,48337,3,48340,210,10,37209,5158,464,220,1294,0
2020,1,Mendoza,33.14,182837,615,183452,580,400,140410,12285,17489,286,3818,0
2020,1,Misiones,39.02,133552,0,133552,710,5240,36622,21271,26433,11581,26313,10885
2020,1,Neuquén,61.85,121354,373,121727,2180,3270,60152,5257,7123,5399,43738,0
2020,1,Río Negro,55.12,125699,501,126200,1140,4660,69154,293,7857,3199,25488,17719
2020,1,Salta,49.6,170379,2,170381,1290,5140,38537,63714,17991,8625,34744,6441
2020,1,San Juan,32.39,63975,256,64231,480,1940,59787,1594,1292,400,127,4779
2020,1,San Luis,76.31,110404,148,110552,1050,0,11322,4164,5250,58258,5,36075
2020,1,Santa Cruz,35.97,38625,197,38822,670,110,27447,4993,5169,5290,119,0
2020,1,Santa Fe,69.52,770981,137,771118,6960,2994,217553,196826,10456,48448,173823,17656
2020,1,Santiago Del Estero,42.47,102754,1,102755,1330,1779,33086,56884,3737,1350,2799,4501
2020,1,Tierra Del Fuego,76.07,38505,289,38794,110,10,22976,5024,1834,1960,518,7046
2020,1,Tucumán,47.85,200045,22,200067,520,970,49555,50383,31096,173,67536,0
2019,4,Buenos Aires,64.25,3681120,5134,3686254,33489,27537,1177446,262297,247106,45257,1465133,20676
2019,4,Capital Federal,106.25,1356695,1410,1358105,3070,150,177098,110218,110852,20581,753805,0
2019,4,Catamarca,36.44,38310,1,38311,630,0,9945,7619,9305,8040,7477,3098
2019,4,Chaco,36.84,117900,3,117903,830,0,25899,18959,30902,13516,21556,6988
2019,4,Chubut,51.15,95292,810,96102,1580,40,69405,12945,7615,124,614,4121
2019,4,Córdoba,70.48,806633,55,806688,1420,0,232781,118232,10933,114111,221742,1035
2019,4,Corrientes,38.77,113831,3,113834,720,0,35055,2062,27367,9981,15744,4995
2019,4,Entre Ríos,57.99,239017,13,239030,470,0,88203,44511,42962,18976,30153,14178
2019,4,Formosa,30.47,46711,0,46711,1127,1910,24606,6319,6788,1766,5671,2430
2019,4,Jujuy,45.38,88881,0,88881,550,0,32920,9632,26764,1020,5286,14122
2019,4,La Pampa,76.92,90280,119,90399,2930,3130,76747,69,1951,1287,1342,1566
2019,4,La Rioja,47.14,48999,3,49002,210,0,37846,5045,4763,220,1305,0
2019,4,Mendoza,33.65,185157,623,185780,7460,90,145139,12955,15237,2165,2628,6901
2019,4,Misiones,39.79,135813,0,135813,710,0,39664,2084,27305,15626,20799,11508
2019,4,Neuquén,59.36,116069,376,116445,2180,10,57370,4439,7357,12059,35001,0
2019,4,Río Negro,55.71,126636,504,127140,1140,0,71847,2797,8558,6968,19837,17019
2019,4,Salta,50.35,172443,2,172445,1490,10,42159,67656,15369,1417,25821,712
2019,4,San Juan,32.85,64715,259,64974,480,10,60626,1594,1292,400,127,1246
2019,4,San Luis,74.92,108053,148,108201,1050,0,11901,4164,5250,55216,3,36287
2019,4,Santa Cruz,36.71,39170,200,39370,670,0,32368,4346,2224,70,8,3500
2019,4,Santa Fe,69.48,769019,150,769169,6980,0,230234,190664,113527,70998,135576,27472
2019,4,Santiago Del Estero,42.92,103587,1,103588,1330,9080,34911,56309,3756,1050,2449,5017
2019,4,Tierra Del Fuego,79.7,40101,291,40392,110,0,23593,505,1848,1390,1962,7789
2019,4,Tucumán,47.65,198621,23,198644,550,0,54544,52017,28916,6405,56707,0
2019,3,Buenos Aires,69.36,3950114,10119,3960233,23892,44648,1432722,222812,260506,483572,1246209,42294
2019,3,Capital Federal,112.65,1437734,3477,1441211,1040,3680,269704,120924,138011,258591,655108,0
2019,3,Catamarca,30.88,32391,9,32400,340,430,14449,9285,6333,720,15,2151
2019,3,Chaco,35.85,114438,13,114451,690,1216,32764,28198,13336,12987,16740,6917
2019,3,Chubut,47.57,87481,1524,89005,740,8400,62680,13033,7171,124,614,45
2019,3,Córdoba,68.59,782946,107,783053,830,5824,240151,106651,118486,146247,157546,7353
2019,3,Corrientes,38.49,112749,10,112759,100,5970,42231,29628,10348,10388,12674,478
2019,3,Entre Ríos,57.9,238057,45,238102,190,4446,99656,56161,17064,21216,22645,15107
2019,3,Formosa,30.11,46066,0,46066,111,3490,24943,6049,7117,2262,4443,1000
2019,3,Jujuy,44.32,86575,1,86576,270,8850,31722,924,26835,560,3671,16545
2019,3,La Pampa,77.45,90559,269,90828,2370,3289,75849,5922,1611,1359,941,1618
2019,3,La Rioja,47.94,49659,18,49677,90,100,38657,4786,4887,220,1307,0
2019,3,Mendoza,40.74,223015,1322,224337,210,1269,206821,2958,10093,1263,349,0
2019,3,Misiones,39.33,133883,0,133883,470,1928,43530,29375,11256,16107,16650,12206
2019,3,Neuquén,64.14,123435,1986,125421,450,2258,62909,4586,9597,16923,28458,1220
2019,3,Río Negro,63.42,143391,904,144295,470,1234,87435,2348,9779,10176,15505,17719
2019,3,Salta,44.48,151834,1,151835,490,9000,43160,6223,14309,11418,12357,7515
2019,3,San Juan,37.06,72535,563,73098,220,1710,68315,2245,1267,410,128,4779
2019,3,San Luis,85.23,122409,291,122700,570,1000,18643,5113,4670,62242,5,36075
2019,3,Santa Cruz,35.63,37642,328,37970,280,840,31612,4472,1203,270,4,0
2019,3,Santa Fe,68.87,760706,228,760934,6400,8184,242454,193286,107068,84325,97082,19537
2019,3,Santiago Del Estero,55.3,133130,2,133132,390,1832,35554,55172,3612,860,1836,34501
2019,3,Tierra Del Fuego,96.46,48043,544,48587,60,140,32133,4692,1756,820,226,9648
2019,3,Tucumán,39.49,164099,32,164131,160,1100,71043,47693,24354,8430,20385,0
2019,2,Buenos Aires,67.85,3845594,10104,3855698,199768,46852,1436259,217785,438663,502275,985767,43438
2019,2,Capital Federal,110.55,1412177,3443,1415620,740,1027,281370,124087,239691,296155,475991,0
2019,2,Catamarca,32.13,33626,9,33635,340,430,16631,867,6049,340,10,2151
2019,2,Chaco,34.14,108721,13,108734,690,1383,38488,26431,16789,15348,9904,1492
2019,2,Chubut,46.99,86038,1518,87556,660,3952,69032,10049,1495,740,165,45
2019,2,Córdoba,68.07,775023,105,775128,810,8165,248427,100512,157458,170159,76053,8938
2019,2,Corrientes,38.16,111539,10,111549,100,3012,40424,27774,13114,11928,7119,608
2019,2,Entre Ríos,57.48,235780,44,235824,180,5905,100687,52316,23196,24221,10664,17206
2019,2,Formosa,30.42,46438,0,46438,111,3490,26512,5399,8384,2639,2258,1000
2019,2,Jujuy,44.51,86706,1,86707,270,9400,26233,8441,267,270,2600,21765
2019,2,La Pampa,77.08,89937,268,90205,2360,3289,75406,5191,1366,1445,629,2661
2019,2,La Rioja,48.7,50283,18,50301,90,110,39819,4297,4857,130,1298,0
2019,2,Mendoza,40.75,222535,1322,223857,200,2522,205165,2971,10092,1256,234,0
2019,2,Misiones,39.15,132878,0,132878,470,2226,45769,27385,15408,18882,8129,12206
2019,2,Neuquén,63.08,120954,1999,122953,3020,3038,61776,4688,17318,2121,14132,4220
2019,2,Río Negro,61.09,137632,915,138547,3840,1354,86366,2201,10291,12407,6907,18519
2019,2,Salta,41.89,142567,1,142568,490,9740,59638,36923,16961,14059,6461,7585
2019,2,San Juan,35.6,69461,564,70025,220,2130,60913,2177,7850,70,4,6119
2019,2,San Luis,81.79,117094,291,117385,570,1020,16575,4964,4670,57236,5,37977
2019,2,Santa Cruz,28.85,30225,325,30550,250,840,24861,3806,1202,280,4,0
2019,2,Santa Fe,67.42,743258,226,743484,3210,8427,300124,125176,129741,100131,49865,22323
2019,2,Santiago Del Estero,52.79,126752,2,126754,390,1832,63268,21362,3741,1080,1205,34501
2019,2,Tierra Del Fuego,94.8,46910,544,47454,60,1230,41824,4241,1573,960,32,0
2019,2,Tucumán,40.14,166299,32,166331,160,1570,78891,44296,24291,6280,18394,0
2019,1,Buenos Aires,66.24,3736563,10104,3746667,162513,72296,1429964,202511,576428,576859,705769,6369
2019,1,Capital Federal,109.2,1396157,3443,1399600,740,7417,283787,131007,330122,365713,283463,0
2019,1,Catamarca,32.19,33613,9,33622,340,1708,18761,6443,5606,290,7,2151
2019,1,Chaco,32.64,103664,13,103677,690,3801,38719,25632,18965,12393,6368,1035
2019,1,Chubut,43.0,78260,1518,79778,660,3938,71077,6571,7870,740,165,0
2019,1,Córdoba,65.52,744010,105,744115,810,20403,242769,96997,200681,127965,50716,6806
2019,1,Corrientes,35.13,102477,10,102487,100,647,38402,26562,15498,9688,5029,0
2019,1,Entre Ríos,56.79,232403,44,232447,180,9217,107013,50068,28957,18146,7619,12142
2019,1,Formosa,29.68,45211,0,45211,111,3023,23085,5301,9027,2099,1654,0
2019,1,Jujuy,46.41,90146,1,90147,270,2817,30727,7811,4021,300,1141,37162
2019,1,La Pampa,76.35,88892,268,89160,2360,8327,70538,4466,1061,1354,405,6980
2019,1,La Rioja,50.18,51638,18,51656,90,1169,40285,4088,5216,170,869,0
2019,1,Mendoza,37.66,204976,1322,206298,200,1786,205383,2837,5702,1110,140,0
2019,1,Misiones,36.26,122720,0,122720,470,5946,45266,2589,19111,16552,5167,7654
2019,1,Neuquén,58.88,112321,2056,114377,1328,3055,52360,1781,21452,17135,11026,6105
2019,1,Río Negro,53.57,120173,915,121088,3840,1583,84845,2037,13615,9567,5076,3719
2019,1,Salta,40.1,136019,1,136020,490,4232,59244,36473,2291,10861,2242,10
2019,1,San Juan,31.83,61881,564,62445,220,2290,62380,2660,5200,30,2,5600
2019,1,San Luis,67.34,96044,291,96335,570,1200,21380,53214,3450,60,2,23577
2019,1,Santa Cruz,23.67,24580,325,24905,250,1280,21990,2731,7020,260,4,0
2019,1,Santa Fe,66.97,736851,227,737078,3330,2935,296798,122959,153212,74575,36502,18591
2019,1,Santiago Del Estero,37.52,89851,2,89853,390,3372,62895,20691,3959,850,494,0
2019,1,Tierra Del Fuego,93.38,45903,544,46447,60,1310,38851,3623,6410,800,29,0
2019,1,Tucumán,41.63,171970,32,172002,160,5188,82240,42877,2621,8470,14839,0
2018,4,Buenos Aires,64.6,3626502,10104,3636606,134673,73761,1422463,194426,577679,949093,265386,19125
2018,4,Capital Federal,108.27,1385577,3443,1389020,740,7388,283281,143309,330496,437662,186810,0
2018,4,Catamarca,32.23,33574,9,33583,340,1669,17955,6425,5461,290,7,2003
2018,4,Chaco,32.59,103257,13,103270,690,3405,36437,25633,18965,12393,6368,0
2018,4,Chubut,42.61,77204,1518,78722,660,3917,66061,6215,5310,6230,165,1144
2018,4,Córdoba,65.09,737234,105,737339,810,24102,228475,97277,201639,128053,48809,8903
2018,4,Corrientes,34.57,100591,10,100601,100,6438,37376,26562,15498,9688,5029,0
2018,4,Entre Ríos,54.37,222003,44,222047,180,8769,94780,50027,29002,18146,7612,13693
2018,4,Formosa,29.74,45204,0,45204,111,3074,22962,5285,9027,2092,1654,0
2018,4,Jujuy,46.53,90132,1,90133,270,2803,30727,7811,4021,300,1141,43573
2018,4,La Pampa,73.49,85368,268,85636,2410,7727,70508,3661,9780,1328,270,9230
2018,4,La Rioja,50.35,51633,18,51651,90,1164,40285,4088,5216,170,869,30
2018,4,Mendoza,37.76,204982,1322,206304,200,1463,197450,2494,4726,190,132,0
2018,4,Misiones,34.45,116273,0,116273,470,5981,43267,26019,19226,16566,5167,0
2018,4,Neuquén,59.07,112309,2056,114365,1328,3044,52313,1781,21452,17135,11025,6287
2018,4,Río Negro,51.86,115922,915,116837,3840,1225,83412,6430,1344,9569,5070,3094
2018,4,Salta,39.8,134577,1,134578,490,3659,58492,36365,2291,10861,2242,0
2018,4,San Juan,31.9,61834,564,62398,220,1465,59811,1800,3120,10,1,6060
2018,4,San Luis,67.55,96040,291,96331,570,1090,19164,53183,1190,620,2,23635
2018,4,Santa Cruz,23.69,24443,325,24768,250,1150,23107,7790,2060,10,4,5310
2018,4,Santa Fe,65.59,720161,229,720390,3350,31397,276301,121009,152039,74432,36427,2845
2018,4,Santiago Del Estero,37.4,89333,2,89335,390,325,61347,20127,3686,770,483,3260
2018,4,Tierra Del Fuego,93.59,45716,544,46260,60,270,29919,6323,9894,240,67,0
2018,4,Tucumán,41.76,171972,32,172004,160,5244,82089,42766,26111,8470,14839,920
2018,3,Buenos Aires,64.44,3599714,10563,3610277,9910,80459,1445733,190805,63609,897964,237248,120464
2018,3,Capital Federal,108.45,1385804,6686,1392490,730,8493,287919,147253,370677,41502,165055,0
2018,3,Catamarca,32.92,34215,11,34226,340,1994,18475,6358,532,340,7,2151
2018,3,Chaco,32.28,102021,12,102033,700,3503,38729,24916,20335,11085,5667,1035
2018,3,Chubut,56.39,101310,2426,103736,670,3951,91096,6162,5310,6230,164,0
2018,3,Córdoba,64.24,725764,94,725858,810,24767,224471,96372,221984,109333,39854,649
2018,3,Corrientes,34.25,99445,11,99456,110,6754,38364,24953,16601,8357,4419,0
2018,3,Entre Ríos,50.22,204560,48,204608,180,9048,96095,45651,31353,15111,6786,0
2018,3,Formosa,29.58,44865,0,44865,111,3365,22624,5259,9336,1729,1434,0
2018,3,Jujuy,23.26,44934,1,44935,3450,302,29048,7756,4066,390,623,0
2018,3,La Pampa,71.75,83180,244,83424,2420,8417,68507,3153,9200,1189,216,6980
2018,3,La Rioja,50.73,51855,17,51872,90,1291,40647,4138,5425,200,339,0
2018,3,Mendoza,37.99,205545,1484,207029,200,1525,199297,2476,4727,270,129,0
2018,3,Misiones,32.1,108042,0,108042,480,5749,39617,24747,21212,14674,4547,0
2018,3,Neuquén,60.49,114713,2005,116718,1396,2244,55822,1647,23785,15218,9718,6105
2018,3,Río Negro,50.54,112433,1059,113492,4090,5221,75929,5120,14912,847,4332,3719
2018,3,Salta,39.43,132882,1,132883,1160,3721,61795,32782,25582,9224,502,0
2018,3,San Juan,33.05,63823,658,64481,220,1326,62525,1800,3120,30,1,0
2018,3,San Luis,52.35,74121,300,74421,570,1090,19170,5294,1190,630,2,1902
2018,3,Santa Cruz,32.73,33565,434,33999,260,1160,32815,7780,2060,10,3,0
2018,3,Santa Fe,63.41,694883,217,695100,4670,36786,269211,115907,162545,62479,31266,13911
2018,3,Santiago Del Estero,36.25,86358,2,86360,410,255,60260,19116,3806,640,265,0
2018,3,Tierra Del Fuego,92.77,45056,508,45564,60,1870,41569,227,2310,240,13,0
2018,3,Tucumán,41.68,171135,31,171166,160,5993,81559,43282,27062,9410,12187,0
2018,2,Buenos Aires,62.78,3490134,10565,3500699,1009,81354,1459443,295457,816056,536049,199589,113357
2018,2,Capital Federal,106.53,1362498,6688,1369186,730,9234,290291,219166,445345,264805,142253,0
2018,2,Catamarca,32.86,34078,11,34089,340,2414,14624,6112,4347,360,6,65
2018,2,Chaco,31.25,98509,12,98521,700,2968,34167,24282,21887,9251,4630,1035
2018,2,Chubut,54.9,98137,2427,100564,670,4471,85598,5369,40,50,9,501
2018,2,Córdoba,63.27,712979,94,713073,810,21779,219630,102596,244291,78852,34950,811
2018,2,Corrientes,33.81,97946,11,97957,110,7047,38268,24066,17926,678,3862,0
2018,2,Entre Ríos,49.2,199937,48,199985,180,8179,94459,4457,34281,12012,5920,0
2018,2,Formosa,29.43,44554,0,44554,111,3568,22409,5176,9727,1313,1243,0
2018,2,Jujuy,23.43,45132,1,45133,3450,332,29319,8083,3977,440,7,0
2018,2,La Pampa,71.04,82177,244,82421,2440,8797,68083,2409,9650,9690,179,6980
2018,2,La Rioja,50.98,51931,17,51948,90,1384,40679,4198,564,200,15,0
2018,2,Mendoza,36.97,199468,1484,200952,200,1658,164596,5150,2660,170,72,33788
2018,2,Misiones,31.63,106147,0,106147,480,6092,39489,23569,23747,11888,3866,0
2018,2,Neuquén,60.24,113842,2006,115848,1396,2408,56035,1314,26417,12442,8551,6105
2018,2,Río Negro,50.15,111176,1059,112235,4090,5298,75056,5230,1648,6663,3725,3975
2018,2,Salta,39.94,134166,1,134167,1160,399,61763,33285,28431,7239,182,0
2018,2,San Juan,32.95,63443,658,64101,220,1378,57591,110,0,30,0,5068
2018,2,San Luis,15.15,21168,300,21468,570,1010,11992,110,0,70,2,9284
2018,2,Santa Cruz,33.33,33970,435,34405,260,1200,28600,6550,1000,10,3,4267
2018,2,Santa Fe,62.57,684243,309,684552,7440,34267,262603,112143,17554,50525,26512,22257
2018,2,Santiago Del Estero,35.26,83773,2,83775,410,2717,41362,18721,3278,310,31,17589
2018,2,Tierra Del Fuego,91.61,44199,508,44707,60,1880,40912,2217,750,0,0,1070
2018,2,Tucumán,41.51,169926,31,169957,160,6735,79899,44968,27059,1084,8784,1305
2018,1,Buenos Aires,62.63,3464882,10564,3475446,1514,74766,1445752,292732,886678,480237,184203,105818
2018,1,Capital Federal,106.24,1359882,6688,1366570,890,10039,292566,222737,487826,227953,127384,0
2018,1,Catamarca,32.79,33934,11,33945,340,2896,14770,6145,3539,410,4,65
2018,1,Chaco,30.83,96925,12,96937,700,3261,32516,24488,23296,8219,3897,1035
2018,1,Chubut,53.72,95532,2427,97959,670,4314,83161,5358,40,50,9,501
2018,1,Córdoba,63.52,713825,101,713926,2810,23922,222815,1043,266259,57137,29228,10049
2018,1,Corrientes,32.66,94406,11,94417,110,5005,37152,24038,19068,589,3256,0
2018,1,Entre Ríos,48.68,197346,48,197394,180,8861,90080,45599,37401,9818,5071,0
2018,1,Formosa,21.4,32328,0,32328,111,3803,10092,5117,10061,1091,1046,0
2018,1,Jujuy,23.12,44405,1,44406,3450,4807,27219,8044,3925,490,4,0
2018,1,La Pampa,71.75,82668,396,83064,2450,8119,67104,1616,1076,6140,98,3503
2018,1,La Rioja,51.44,52228,17,52245,90,1485,40680,4217,5831,190,1,0
2018,1,Mendoza,37.07,199463,1484,200947,200,1662,164599,5010,2660,190,72,33788
2018,1,Misiones,30.96,103580,0,103580,480,47,35820,23291,26223,10241,3219,0
2018,1,Neuquén,61.52,115897,2006,117903,1396,2367,59468,1311,29012,9709,7378,6105
2018,1,Río Negro,49.82,110057,1062,111119,4090,5333,74894,5300,17997,4972,3129,3975
2018,1,Salta,39.78,133182,1,133183,1160,4459,60334,33088,30771,5145,88,0
2018,1,San Juan,32.61,62610,658,63268,220,1058,57078,110,0,30,0,5068
2018,1,San Luis,15.15,21096,300,21396,570,1010,11920,110,0,70,2,9284
2018,1,Santa Cruz,33.55,33970,435,34405,260,1200,28600,6550,1000,10,3,4267
2018,1,Santa Fe,62.28,679717,309,680026,1359,33639,262008,108576,1889,39589,22801,23181
2018,1,Santiago Del Estero,34.99,82916,2,82918,410,291,41298,18914,3449,330,2,17589
2018,1,Tierra Del Fuego,65.2,31106,508,31614,60,3070,33987,20,0,0,0,1070
2018,1,Tucumán,41.18,168026,31,168057,160,7472,78811,45675,26405,1218,7082,1305
2017,4,Buenos Aires,57.61,3171206,10690,3181896,3865,55046,1551194,264645,712513,33514,151747,114182
2017,4,Capital Federal,122.9,1575418,6906,1582324,3140,31411,517018,28404,45812,178396,114939,0
2017,4,Catamarca,28.62,29548,10,29558,340,3182,15315,5904,2927,430,2,2151
2017,4,Chaco,30.81,96603,12,96615,700,3432,37144,24088,20123,729,3289,1035
2017,4,Chubut,51.46,91012,2428,93440,670,4313,83676,5355,70,50,9,0
2017,4,Córdoba,63.33,709874,105,709979,2910,25411,280837,102892,217602,40898,24251,8429
2017,4,Corrientes,32.52,93760,11,93771,110,522,41080,23686,16046,5053,2675,0
2017,4,Entre Ríos,47.89,193654,49,193703,1685,9078,95466,45189,3001,7958,4113,0
2017,4,Formosa,21.27,32056,0,32056,111,4061,13220,4867,6996,9770,824,0
2017,4,Jujuy,22.74,43551,1,43552,3450,5364,26566,7721,3507,440,3,0
2017,4,La Pampa,71.05,81675,396,82071,3100,8729,66053,1227,7920,3910,81,3503
2017,4,La Rioja,51.57,52177,17,52194,90,1488,40777,4083,5813,220,3,0
2017,4,Mendoza,33.33,178661,1490,180151,260,1656,177646,4380,2780,290,81,0
2017,4,Misiones,31.14,103895,0,103895,1053,39,41723,23131,22262,9091,2735,0
2017,4,Neuquén,61.24,114965,2006,116971,1396,2372,68036,1325,22781,7528,6300,6105
2017,4,Río Negro,49.38,108702,1062,109764,4090,5598,81078,4850,12502,3447,2440,3719
2017,4,Salta,39.8,132811,1,132812,6360,4275,73284,32842,18968,3559,84,0
2017,4,San Juan,30.3,57965,659,58624,220,1062,57525,90,0,20,2,0
2017,4,San Luis,10.59,14604,300,14904,590,1010,12822,80,0,10,7,1902
2017,4,Santa Cruz,28.91,29018,434,29452,680,780,29073,6550,1000,10,3,0
2017,4,Santa Fe,61.71,672137,323,672460,3109,34132,309998,108939,151329,30736,19602,14119
2017,4,Santiago Del Estero,29.13,68842,2,68844,410,3091,43544,18773,3359,320,2,0
2017,4,Tierra Del Fuego,59.89,28346,508,28854,60,3100,31334,20,0,0,0,0
2017,4,Tucumán,39.9,162298,34,162332,1050,8164,78750,45241,24318,1303,4367,0
2017,3,Buenos Aires,55.63,3046758,11202,3057960,6577,51411,1733479,311652,676137,140812,108400,0
2017,3,Capital Federal,121.86,1563289,7070,1570359,2830,33924,590689,311411,4263,120675,91917,0
2017,3,Catamarca,32.49,33467,11,33478,520,3204,15383,5758,2563,500,1,0
2017,3,Chaco,29.98,93747,12,93759,950,3496,40059,23008,20307,3827,2004,0
2017,3,Chubut,46.22,81067,2477,83544,4360,3989,71843,2336,30,0,0,0
2017,3,Córdoba,62.31,696536,108,696644,3270,26154,309161,100113,189302,38131,16741,0
2017,3,Corrientes,32.17,92536,12,92548,240,5629,44305,22785,15576,2635,1607,0
2017,3,Entre Ríos,45.96,185414,50,185464,1691,7545,98032,42947,29011,3878,2397,0
2017,3,Formosa,21.35,32105,0,32105,1063,3716,13752,5187,6056,8990,459,0
2017,3,Jujuy,22.65,43241,1,43242,3370,5723,26835,7369,2962,410,2,0
2017,3,La Pampa,69.14,79280,410,79690,3430,8244,64794,8550,5880,3270,51,0
2017,3,La Rioja,51.47,51896,17,51913,160,1497,40882,3899,5604,230,3,0
2017,3,Mendoza,35.7,190958,1533,192491,320,950,158461,1150,670,290,19,0
2017,3,Misiones,30.21,100476,0,100476,1058,4123,42900,22808,23913,3843,1881,0
2017,3,Neuquén,60.83,113755,2029,115784,2036,1457,72532,1034,20213,7067,4937,0
2017,3,Río Negro,48.52,106393,1103,107496,4220,5641,83900,3060,10116,2965,1659,0
2017,3,Salta,39.84,132517,1,132518,6450,4494,78830,32433,1462,2315,63,0
2017,3,San Juan,32.37,61789,660,62449,310,1077,57582,10,0,20,2,0
2017,3,San Luis,15.48,21408,311,21719,630,30,12325,70,0,10,7,0
2017,3,Santa Cruz,33.29,33222,468,33690,1880,230,29102,5420,660,330,1,0
2017,3,Santa Fe,60.91,662086,256,662342,3116,34019,320017,104453,125339,24536,12982,0
2017,3,Santiago Del Estero,35.12,82792,2,82794,690,3288,40435,18489,3047,300,2,0
2017,3,Tierra Del Fuego,65.74,30883,583,31466,90,2970,33858,0,0,0,0,0
2017,3,Tucumán,39.7,160979,33,161012,1090,8948,83070,45302,20514,1361,655,0
2017,2,Buenos Aires,56.27,3067430,11201,3078631,7548,47472,1910156,299009,573298,93059,46178,0
2017,2,Capital Federal,124.06,1592175,8016,1600191,5560,35663,726223,30497,378571,80234,37977,0
2017,2,Catamarca,25.98,26692,13,26705,150,3318,15655,5325,2342,470,1,0
2017,2,Chaco,29.05,90597,14,90611,1910,3733,42590,22349,18044,3157,545,0
2017,2,Chubut,35.55,62245,1730,63975,4030,4186,73760,188,0,0,0,0
2017,2,Córdoba,58.97,657505,133,657638,2510,26862,370865,88479,146683,20351,5069,0
2017,2,Corrientes,31.39,90085,12,90097,150,5912,46483,21776,13043,2218,647,0
2017,2,Entre Ríos,45.39,182675,57,182732,168,7944,104422,418,23524,2604,823,0
2017,2,Formosa,19.97,29956,0,29956,1486,3419,14787,4795,4583,7490,139,0
2017,2,Jujuy,22.4,42656,1,42657,3110,5877,26915,6974,2538,420,1,0
2017,2,La Pampa,63.49,72573,449,73022,3560,8633,59045,5580,3360,2440,21,0
2017,2,La Rioja,16.2,16271,18,16289,90,1554,9304,3599,1796,240,2,0
2017,2,Mendoza,31.76,169302,1451,170753,1090,240,177203,920,500,50,22,0
2017,2,Misiones,30.09,99794,0,99794,1011,4447,47244,22033,21599,2892,570,0
2017,2,Neuquén,61.91,115321,2112,117433,1542,1395,81272,8490,18051,4774,1703,0
2017,2,Río Negro,46.02,100621,998,101619,9730,5606,88085,2450,799,1921,559,0
2017,2,Salta,32.74,108540,1,108541,5940,4719,67576,23185,11333,1068,76,0
2017,2,San Juan,26.96,51261,620,51881,150,1930,58588,0,0,0,4,0
2017,2,San Luis,9.51,12992,315,13307,80,40,14014,0,0,10,2,0
2017,2,Santa Cruz,26.25,26019,369,26388,1880,240,30913,5410,660,330,0,0
2017,2,Santa Fe,52.27,566918,362,567280,4967,38721,311830,92854,97563,16794,4275,0
2017,2,Santiago Del Estero,14.12,33194,2,33196,260,3539,20384,6432,2802,160,0,0
2017,2,Tierra Del Fuego,68.46,31938,619,32557,160,2850,35409,0,0,0,0,0
2017,2,Tucumán,38.19,154374,37,154411,960,9236,83342,42536,17788,1371,21,0
2017,1,Buenos Aires,58.57,3178174,11202,3189376,6017,83918,2057698,402315,52354,90937,22299,0
2017,1,Capital Federal,108.37,1391030,8016,1399046,5100,1409,678922,218487,277195,66536,19881,0
2017,1,Catamarca,25.66,26304,13,26317,150,3328,15861,4901,2161,490,0,0
2017,1,Chaco,28.62,89036,14,89050,1910,3835,44544,21467,15671,3025,314,0
2017,1,Chubut,35.66,62166,1730,63896,4010,4182,73759,1808,0,0,0,0
2017,1,Córdoba,57.65,641066,133,641199,500,28732,391556,82011,118643,19035,2071,0
2017,1,Corrientes,30.94,88596,12,88608,150,604,48149,20586,11468,2044,303,0
2017,1,Entre Ríos,44.91,180296,57,180353,168,808,108379,39146,20562,2254,317,0
2017,1,Formosa,19.84,29705,0,29705,1535,3538,15473,4446,4058,6350,22,0
2017,1,Jujuy,22.76,43202,1,43203,3300,6213,27824,6486,2306,440,0,0
2017,1,La Pampa,62.67,71458,455,71913,3620,9279,57739,3310,1920,1650,11,0
2017,1,La Rioja,16.2,16207,18,16225,90,1578,9486,3409,1718,220,2,0
2017,1,Mendoza,31.84,169282,1451,170733,1060,150,177201,860,500,50,22,0
2017,1,Misiones,29.52,97619,0,97619,101,4665,45950,23847,19356,2627,166,0
2017,1,Neuquén,61.02,113227,2112,115339,1547,1418,83813,9020,1513,4223,458,0
2017,1,Río Negro,46.03,100288,1000,101288,9860,5647,89622,2460,6738,1594,200,0
2017,1,Salta,32.58,107632,1,107633,5790,4861,70922,21554,9386,2670,74,0
2017,1,San Juan,27.04,51253,620,51873,80,1920,58588,0,0,0,4,0
2017,1,San Luis,9.55,12992,315,13307,80,40,14014,0,0,10,2,0
2017,1,Santa Cruz,26.52,26116,370,26486,1900,230,31078,4740,680,300,0,0
2017,1,Santa Fe,51.97,562520,362,562882,4966,39463,340418,77152,83008,15775,1831,0
2017,1,Santiago Del Estero,14.7,34473,2,34475,260,3772,21659,6218,2786,170,0,0
2017,1,Tierra Del Fuego,68.92,31938,619,32557,160,2850,35409,0,0,0,0,0
2017,1,Tucumán,37.9,152734,37,152771,960,9682,86470,39155,15951,1383,13,0
2016,4,Buenos Aires,61.24,3131499,11202,3142701,6055,86281,2085605,403575,467398,72348,17279,0
2016,4,Capital Federal,120.63,1393443,8016,1401459,5170,1477,704324,225723,264582,53506,16756,0
2016,4,Catamarca,26.54,27021,13,27034,150,3478,16519,4889,2077,540,0,0
2016,4,Chaco,28.79,88833,14,88847,1910,3983,45634,21323,14887,2586,250,0
2016,4,Chubut,36.07,62035,1730,63765,4010,4493,73951,1352,0,0,0,0
2016,4,Córdoba,57.7,636422,133,636555,500,2938,404645,77966,108368,15458,1606,0
2016,4,Corrientes,30.98,88084,12,88096,150,6109,48995,20187,10908,1645,234,0
2016,4,Entre Ríos,45.21,180188,57,180245,168,8253,110296,38491,19509,1801,280,0
2016,4,Formosa,19.85,29513,0,29513,1573,3519,15791,4114,3855,6490,17,0
2016,4,Jujuy,22.65,42624,1,42625,3030,6225,27778,6143,2134,430,0,0
2016,4,La Pampa,63.02,71368,460,71828,3680,9789,56694,160,3350,1320,11,0
2016,4,La Rioja,16.46,16298,18,16316,90,1646,9635,3334,1675,130,3,0
2016,4,Mendoza,32.11,169274,1451,170725,1140,160,177194,790,490,50,20,0
2016,4,Misiones,29.72,97390,0,97390,101,4783,47454,23433,18371,2215,126,0
2016,4,Neuquén,60.87,111723,2112,113835,1539,1406,84859,7920,14153,3073,271,0
2016,4,Río Negro,46.39,100020,1000,101020,9980,2953,92967,2480,6317,1174,122,0
2016,4,Salta,32.69,106934,1,106935,5770,5027,71636,20787,8611,2390,70,0
2016,4,San Juan,27.29,51301,620,51921,80,2200,58608,0,0,0,4,0
2016,4,San Luis,9.64,12992,315,13307,80,40,14014,0,0,10,2,0
2016,4,Santa Cruz,27.05,26094,370,26464,1890,230,31369,3420,800,100,0,0
2016,4,Santa Fe,52.19,561470,362,561832,4966,40102,349722,74401,77667,13155,1529,0
2016,4,Santiago Del Estero,15.07,35049,2,35051,260,3925,22246,6178,2664,150,0,0
2016,4,Tierra Del Fuego,70.31,31938,619,32557,160,2850,35409,0,0,0,0,0
2016,4,Tucumán,37.98,151615,37,151652,960,10021,87994,37721,14389,14,10,0
2016,3,Buenos Aires,60.14,3075387,11205,3086592,5856,107945,2148475,39353,399116,529,13318,0
2016,3,Capital Federal,120.77,1395053,8051,1403104,3310,9950,759028,208249,240856,38341,13886,0
2016,3,Catamarca,26.48,26957,13,26970,150,4038,16183,4845,1853,500,0,0
2016,3,Chaco,28.91,89216,14,89230,1900,5227,46821,21193,13746,2022,217,0
2016,3,Chubut,36.18,62222,1730,63952,4660,519,74375,6740,0,0,0,0
2016,3,Córdoba,58.24,642458,133,642591,480,41329,415075,75988,99225,11691,1322,0
2016,3,Corrientes,31.07,88328,12,88340,150,7425,49471,19956,10006,1263,210,0
2016,3,Entre Ríos,45.44,181092,57,181149,1768,10657,110844,38665,17737,1307,248,0
2016,3,Formosa,18.64,27716,0,27716,1723,4277,15581,3964,3658,6480,10,0
2016,3,Jujuy,22.61,42537,1,42538,2860,6878,27425,5943,1978,310,0,0
2016,3,La Pampa,61.73,69903,461,70364,3740,10187,55792,150,2240,1140,11,0
2016,3,La Rioja,17.07,16912,18,16930,90,2349,9686,3316,1562,110,2,0
2016,3,Mendoza,32.09,169174,1450,170624,370,100,178186,730,480,50,17,0
2016,3,Misiones,29.91,97997,0,97997,101,603,48871,23394,17043,1559,91,0
2016,3,Neuquén,60.21,110491,2112,112603,1531,1527,87404,6800,12541,2118,225,0
2016,3,Río Negro,46.39,100024,1002,101026,1007,6026,90689,2070,5953,7900,99,0
2016,3,Salta,32.96,107790,1,107791,1107,6922,71214,20229,8099,1970,50,0
2016,3,San Juan,27.32,51348,620,51968,80,2450,58577,0,0,0,2,0
2016,3,San Luis,9.63,12978,315,13293,70,40,14077,0,0,10,2,0
2016,3,Santa Cruz,26.84,25886,371,26257,1890,220,31904,2210,520,90,0,0
2016,3,Santa Fe,52.67,566625,386,567011,3958,49501,360606,72657,69864,1021,1308,0
2016,3,Santiago Del Estero,15.33,35658,2,35660,260,5097,22747,6216,2497,90,0,0
2016,3,Tierra Del Fuego,68.94,31306,619,31925,160,2850,35080,0,0,0,0,0
2016,3,Tucumán,37.9,151282,37,151319,1270,12247,87970,36518,1315,1288,4,0
2016,2,Buenos Aires,59.34,3032776,12515,3045291,10786,133385,2250898,335296,334723,31494,11933,0
2016,2,Capital Federal,120.04,1384824,9760,1394584,4352,1736,859039,146091,21301,19597,13477,0
2016,2,Catamarca,26.07,26543,13,26556,150,5736,14742,4567,1496,470,1,0
2016,2,Chaco,28.59,88235,16,88251,1970,8063,45823,20346,1209,1571,201,0
2016,2,Chubut,36.12,62116,1740,63856,5720,5421,73078,7750,0,0,0,0
2016,2,Córdoba,57.55,634680,234,634914,2580,5705,437547,7198,82618,8355,1242,0
2016,2,Corrientes,30.58,86932,24,86956,410,10018,47916,192,8851,8030,191,0
2016,2,Entre Ríos,44.74,178194,179,178373,4734,16368,115000,36917,15522,8490,205,0
2016,2,Formosa,19.37,28801,1,28802,1675,5401,14370,3569,3218,5930,10,0
2016,2,Jujuy,21.89,41187,2,41189,2561,8292,25301,5589,175,30,0,0
2016,2,La Pampa,60.44,68403,485,68888,4290,10616,63928,150,1190,960,11,0
2016,2,La Rioja,16.88,16718,18,16736,100,3151,9043,319,1344,30,5,0
2016,2,Mendoza,32.13,169274,1550,170824,4370,300,176922,610,440,50,20,0
2016,2,Misiones,29.24,95808,7,95815,1973,7899,49586,21385,1482,1073,96,0
2016,2,Neuquén,59.1,108224,2291,110515,1916,1691,88854,5830,10241,1285,208,0
2016,2,Río Negro,46.24,99631,1073,100704,1189,6107,92158,1940,4877,5200,86,0
2016,2,Salta,32.08,104929,3,104932,216,10123,70875,18759,7129,1400,49,0
2016,2,San Juan,27.34,51392,621,52013,100,2730,57589,0,0,0,4,0
2016,2,San Luis,9.6,12939,317,13256,120,40,13931,0,0,10,2,0
2016,2,Santa Cruz,26.73,25797,356,26153,2440,260,31995,1420,200,0,0,0
2016,2,Santa Fe,52.44,563867,607,564474,9486,67325,374960,68505,60469,6509,1277,0
2016,2,Santiago Del Estero,15.89,36958,3,36961,7040,6705,22208,5943,2108,10,0,0
2016,2,Tierra Del Fuego,67.72,30740,619,31359,160,2860,38773,0,0,0,0,0
2016,2,Tucumán,37.24,148636,41,148677,2310,18515,83945,33891,1131,1032,2,0
2016,1,Buenos Aires,57.34,2929903,12612,2942515,7351,9788,2214760,289929,247372,8315,9529,0
2016,1,Capital Federal,115.16,1328079,9817,1337896,231,43686,869048,178665,192644,6577,10838,0
2016,1,Catamarca,25.91,26376,13,26389,150,6102,14653,4241,1334,420,1,0
2016,1,Chaco,28.08,86635,16,86651,1940,8755,46304,19388,10587,1238,184,0
2016,1,Chubut,36.09,62060,1740,63800,940,5095,72396,1066,0,0,0,0
2016,1,Córdoba,55.28,609692,234,609926,1480,59484,414452,65763,66455,4143,1039,0
2016,1,Corrientes,30.08,85510,26,85536,290,1069,47833,18375,7911,5260,170,0
2016,1,Entre Ríos,43.85,174634,179,174813,2864,17749,104137,35104,14057,4570,165,0
2016,1,Formosa,19.04,28313,1,28314,1738,5731,14163,3229,2906,5440,5,0
2016,1,Jujuy,21.41,40287,2,40289,2543,8558,22383,5188,1623,0,0,0
2016,1,La Pampa,57.84,65442,487,65929,4260,11065,52117,150,780,710,11,0
2016,1,La Rioja,16.83,16673,18,16691,100,3382,9060,298,1254,20,3,0
2016,1,Mendoza,32.12,169257,1553,170810,2350,210,175376,470,430,50,17,0
2016,1,Misiones,28.37,92951,7,92958,9590,8502,50061,19195,13363,7790,68,0
2016,1,Neuquén,55.75,101969,2292,104261,172,1737,86310,4790,7893,1430,171,0
2016,1,Río Negro,45.84,98745,1077,99822,1171,6105,90038,2030,4246,770,81,0
2016,1,Salta,31.32,102423,3,102426,1119,10765,65646,17748,6643,1190,31,0
2016,1,San Juan,27.33,51373,621,51994,90,3090,56447,0,0,0,2,0
2016,1,San Luis,9.59,12915,317,13232,80,40,13645,0,0,10,2,0
2016,1,Santa Cruz,26.87,25931,356,26287,1680,290,32188,80,0,0,0,0
2016,1,Santa Fe,51.28,551378,618,551996,6492,71565,353525,64117,51293,3754,1063,0
2016,1,Santiago Del Estero,16.21,37695,3,37698,7030,7219,22805,5769,1898,0,0,0
2016,1,Tierra Del Fuego,65.83,29867,619,30486,160,2850,33003,0,0,0,0,0
2016,1,Tucumán,36.72,146596,41,146637,1060,20092,84008,3149,10046,8710,0,0
2015,4,Buenos Aires,58.29,2946743,12642,2959385,7985,100303,2253197,27456,240188,3835,8180,0
2015,4,Capital Federal,118.13,1360381,9845,1370226,2417,46568,916813,172029,198635,3087,10899,0
2015,4,Catamarca,26.24,26459,13,26472,150,6513,14484,4106,1313,390,1,0
2015,4,Chaco,28.35,86537,16,86553,1940,9593,46771,18608,10092,1136,159,0
2015,4,Chubut,36.89,62279,1740,64019,6250,5774,71881,1680,0,0,0,0
2015,4,Córdoba,57.36,625835,235,626070,1480,63746,427471,62989,67151,3336,1088,0
2015,4,Corrientes,30.34,85409,26,85435,290,11248,48104,17877,7569,4560,150,0
2015,4,Entre Ríos,44.11,173957,180,174137,2865,18883,104224,33989,13668,3990,163,0
2015,4,Formosa,19.07,28088,1,28089,1791,6081,14279,2704,2713,5190,4,0
2015,4,Jujuy,21.47,39922,2,39924,2551,8876,21867,5044,1587,0,0,0
2015,4,La Pampa,58.76,66054,312,66366,5920,12951,48798,160,630,490,10,0
2015,4,La Rioja,17.32,16914,18,16932,100,3638,9127,2937,1215,20,3,0
2015,4,Mendoza,32.49,169251,1556,170807,2410,230,174719,380,410,50,13,0
2015,4,Misiones,28.69,92846,7,92853,9590,9169,51029,17281,1369,6750,52,0
2015,4,Neuquén,58.29,105122,2294,107416,1727,2061,89678,4550,7934,90,175,0
2015,4,Río Negro,46.44,98655,1067,99722,3282,4473,89062,2010,4024,50,75,0
2015,4,Salta,31.59,101917,3,101920,1122,11387,65677,17139,6507,990,5,0
2015,4,San Juan,27.66,51408,621,52029,90,3860,55761,0,0,0,2,0
2015,4,San Luis,9.71,12901,317,13218,80,40,13473,0,0,10,2,0
2015,4,Santa Cruz,27.74,26047,356,26403,1880,260,32338,30,0,0,0,0
2015,4,Santa Fe,52.61,561045,627,561672,6659,7577,361264,60985,51258,3079,1189,0
2015,4,Santiago Del Estero,17.0,39132,3,39135,7030,7836,23074,5669,1856,0,0,0
2015,4,Tierra Del Fuego,66.46,29334,619,29953,160,2850,32662,0,0,0,0,0
2015,4,Tucumán,37.06,146053,42,146095,1070,218,83887,29942,9507,8370,0,0
2015,3,Buenos Aires,57.69,2916070,12695,2928765,8361,107351,2266948,262564,200491,2642,7720,0
2015,3,Capital Federal,118.29,1362193,9875,1372068,2448,4934,942525,159618,175594,2028,10022,0
2015,3,Catamarca,25.86,26080,13,26093,150,6871,14206,4143,8120,430,1,0
2015,3,Chaco,27.96,85354,16,85370,2400,10353,47131,19016,7498,9790,157,0
2015,3,Chubut,36.81,62143,1740,63883,6410,5886,71668,1670,0,0,0,0
2015,3,Córdoba,57.08,622761,237,622998,1500,68765,429787,61109,59372,2582,1048,0
2015,3,Corrientes,30.17,84931,28,84959,330,11921,48127,18168,6111,4530,146,0
2015,3,Entre Ríos,43.68,172252,182,172434,2863,20385,103990,34788,9924,3840,153,0
2015,3,Formosa,18.84,27751,1,27752,1862,6521,14354,2791,1842,3790,2,0
2015,3,Jujuy,21.27,39548,2,39550,2549,9278,21588,5169,9660,0,0,0
2015,3,La Pampa,57.96,64976,495,65471,6130,13087,47660,90,550,390,10,0
2015,3,La Rioja,17.15,16753,18,16771,100,384,9102,2984,8320,0,3,0
2015,3,Mendoza,32.49,169261,1562,170823,2560,250,173430,450,180,50,13,0
2015,3,Misiones,28.31,91615,7,91622,9580,9809,51234,17367,11654,5590,43,0
2015,3,Neuquén,54.6,98376,2240,100616,1733,2124,85044,2100,6599,20,155,0
2015,3,Río Negro,46.39,98529,1085,99614,3372,4457,88691,990,3826,10,62,0
2015,3,Salta,31.18,100570,3,100573,1126,12223,65405,17451,4318,610,5,0
2015,3,San Juan,27.67,51409,621,52030,90,3910,54963,0,0,0,2,0
2015,3,San Luis,9.71,12902,317,13219,90,40,13286,0,0,10,2,0
2015,3,Santa Cruz,27.61,25912,359,26271,1900,250,32266,20,0,0,0,0
2015,3,Santa Fe,52.15,556097,641,556738,6767,80817,363177,59531,42021,232,1133,0
2015,3,Santiago Del Estero,17.12,39394,3,39397,7030,8332,23158,5956,1249,0,0,0
2015,3,Tierra Del Fuego,74.86,33118,619,33737,150,2850,36408,20,0,0,0,0
2015,3,Tucumán,36.61,144272,42,144314,1070,23687,83654,29998,6232,6230,0,0
2015,2,Buenos Aires,56.8,2871079,12711,2883790,8714,137189,2299705,243503,159922,201,6712,0
2015,2,Capital Federal,116.07,1336391,9893,1346284,2493,51799,990112,148569,142976,1482,9258,0
2015,2,Catamarca,25.45,25666,13,25679,150,7253,14003,3776,5930,370,1,0
2015,2,Chaco,27.46,83832,16,83848,2880,11058,47551,17675,6337,7880,149,0
2015,2,Chubut,36.58,61745,1740,63485,6560,6032,55791,1680,0,0,0,0
2015,2,Córdoba,55.87,609510,236,609746,1560,72695,434717,54993,46415,1956,903,0
2015,2,Corrientes,29.58,83288,28,83316,340,12542,48015,17184,5039,3790,126,0
2015,2,Entre Ríos,42.93,169309,183,169492,2864,21986,104043,32293,7867,3540,136,0
2015,2,Formosa,18.36,27013,37,27050,1881,6907,14247,2436,1324,2570,1,0
2015,2,Jujuy,20.29,37720,2,37722,2479,9474,20248,4792,7300,0,0,0
2015,2,La Pampa,56.71,63552,500,64052,5737,8182,46235,270,240,250,10,0
2015,2,La Rioja,16.88,16491,18,16509,100,4082,9093,268,6410,0,3,0
2015,2,Mendoza,32.49,169259,1564,170823,2680,260,170451,420,160,50,13,0
2015,2,Misiones,27.35,88512,7,88519,9580,1036,51671,15022,10072,4080,33,0
2015,2,Neuquén,53.12,95644,2241,97885,1755,2348,82727,2140,5168,20,110,0
2015,2,Río Negro,45.98,97640,1087,98727,3413,4525,87362,970,324,10,51,0
2015,2,Salta,30.46,98264,3,98267,1123,1302,64737,16241,3114,290,5,0
2015,2,San Juan,27.64,51367,621,51988,80,4100,51568,0,0,0,2,0
2015,2,San Luis,9.71,12904,317,13221,90,40,13204,0,0,10,2,0
2015,2,Santa Cruz,27.07,25384,379,25763,2100,250,25519,20,0,0,0,0
2015,2,Santa Fe,51.18,545739,649,546388,6827,86016,364441,53205,33894,1856,1014,0
2015,2,Santiago Del Estero,17.11,39375,3,39378,7030,8779,23456,5553,8880,0,0,0
2015,2,Tierra Del Fuego,74.51,32960,619,33579,150,2850,36073,20,0,0,0,0
2015,2,Tucumán,35.69,140635,42,140677,1070,25178,83462,26966,4502,4550,0,0
2015,1,Buenos Aires,56.37,2847076,14766,2861842,8882,123589,2267852,22007,126958,1561,5700,0
2015,1,Capital Federal,114.9,1321139,11582,1332721,2545,59084,1013510,134151,114569,1195,8401,0
2015,1,Catamarca,25.11,25312,20,25332,130,7634,13754,3202,5170,90,1,0
2015,1,Chaco,26.65,81329,31,81360,260,12053,47425,15883,5346,4890,135,0
2015,1,Chubut,37.61,63327,1946,65273,6510,6176,57333,1020,0,0,0,0
2015,1,Córdoba,54.7,596663,294,596957,1570,78427,432802,46574,37443,1615,815,0
2015,1,Corrientes,28.95,81488,43,81531,360,13295,47842,15554,4424,2350,98,0
2015,1,Entre Ríos,42.07,165839,231,166070,2867,23951,104168,28113,6926,2740,119,0
2015,1,Formosa,18.12,26657,43,26700,1891,7336,14413,2024,8780,1570,1,0
2015,1,Jujuy,19.69,36608,3,36611,2458,9754,19858,3939,6030,0,0,0
2015,1,La Pampa,55.51,62155,542,62697,6059,8054,45038,260,100,130,10,0
2015,1,La Rioja,16.7,16310,23,16333,110,4201,9379,2207,5330,0,3,0
2015,1,Mendoza,32.37,168355,1805,170160,2870,240,169763,380,160,60,11,0
2015,1,Misiones,26.31,85139,7,85146,9580,11136,51906,12387,8543,1940,26,0
2015,1,Neuquén,51.95,93373,2369,95742,1895,2577,80787,1700,4067,20,76,0
2015,1,Río Negro,45.33,96145,1188,97333,3371,4913,86173,940,2632,20,42,0
2015,1,Salta,30.01,96793,18,96811,1123,14151,64992,13955,2569,150,5,0
2015,1,San Juan,27.55,51117,702,51819,80,4450,51346,0,0,0,2,0
2015,1,San Luis,9.72,12878,354,13232,100,80,12720,0,10,0,2,0
2015,1,Santa Cruz,27.99,26217,424,26641,2050,270,26048,20,0,0,0,0
2015,1,Santa Fe,50.24,535640,797,536437,6883,93096,360964,4527,27597,1542,900,0
2015,1,Santiago Del Estero,17.06,39244,8,39252,7010,9236,23136,4796,7480,0,0,0
2015,1,Tierra Del Fuego,74.23,32726,730,33456,140,6090,36319,20,0,0,0,0
2015,1,Tucumán,35.08,138184,92,138276,1070,27143,83895,23061,3722,3340,0,0
2014,4,Buenos Aires,56.09,2801178,15229,2816407,8226,132937,2250445,20362,104322,9970,5406,0
2014,4,Capital Federal,114.9,1318526,11994,1330520,2698,62896,1038269,123451,95772,8900,7997,0
2014,4,Catamarca,25.51,25472,21,25493,210,8047,14093,291,4210,0,1,0
2014,4,Chaco,21.87,65998,37,66035,4830,12837,42106,7908,26,1240,2,0
2014,4,Chubut,40.25,66557,1985,68542,1858,6218,60392,700,0,0,0,0
2014,4,Córdoba,54.7,590113,319,590432,1903,85362,427844,41947,30858,1177,782,0
2014,4,Corrientes,23.56,65656,54,65710,400,1386,42182,7513,2106,0,9,0
2014,4,Entre Ríos,36.03,140567,246,140813,2311,27801,88649,18318,3584,10,66,0
2014,4,Formosa,17.96,26156,51,26207,1947,783,14058,1852,4730,470,1,0
2014,4,Jujuy,19.6,35999,3,36002,188,10427,19740,3443,4650,0,0,0
2014,4,La Pampa,51.27,56813,567,57380,6266,6879,36520,260,50,40,10,0
2014,4,La Rioja,17.01,16379,23,16402,90,4333,9728,1943,3860,0,3,0
2014,4,Mendoza,32.64,167766,1848,169614,3030,190,169222,360,140,50,12,0
2014,4,Misiones,24.16,77222,7,77229,5470,1184,53093,8731,2952,540,12,0
2014,4,Neuquén,52.55,92999,2397,95396,1731,2744,80938,1260,3621,20,66,0
2014,4,Río Negro,45.48,95050,1210,96260,364,4723,85094,940,2319,40,30,0
2014,4,Salta,29.53,93921,26,93947,540,16214,63221,12552,1922,0,4,0
2014,4,San Juan,28.04,51390,729,52119,110,4780,51628,0,0,0,2,0
2014,4,San Luis,9.79,12788,359,13147,90,0,13135,0,0,10,2,0
2014,4,Santa Cruz,27.8,25277,436,25713,1560,14,24145,10,10,0,0,0
2014,4,Santa Fe,50.0,528459,938,529397,8707,99962,359293,36718,21098,8690,824,0
2014,4,Santiago Del Estero,17.27,39308,9,39317,1246,8913,24181,4359,6020,0,0,0
2014,4,Tierra Del Fuego,66.14,28249,741,28990,120,2830,31489,20,0,0,0,0
2014,4,Tucumán,35.32,137329,95,137424,170,28746,85091,20631,2733,1960,0,0
2014,3,Buenos Aires,56.75,2835537,14028,2849565,7355,128187,2281524,156693,68947,2430,4232,0
2014,3,Capital Federal,113.8,1307195,10630,1317825,8400,78016,1060145,10217,70907,950,6626,0
2014,3,Catamarca,24.71,24665,21,24686,190,8845,13790,1915,1110,0,0,0
2014,3,Chaco,21.11,63710,36,63746,3980,14731,41934,5428,1274,50,0,0
2014,3,Chubut,40.6,67130,2007,69137,2013,6281,60771,340,0,0,0,0
2014,3,Córdoba,54.23,585231,200,585431,6600,98992,435692,28992,18888,840,664,0
2014,3,Corrientes,22.79,63516,33,63549,210,15448,41717,5181,1172,0,0,0
2014,3,Entre Ríos,34.98,136618,115,136733,1709,2971,91450,12569,131,0,48,0
2014,3,Formosa,17.77,25873,64,25937,2001,8323,14202,1324,850,0,0,0
2014,3,Jujuy,18.37,33739,2,33741,1270,10979,20216,2305,820,0,0,0
2014,3,La Pampa,55.78,61861,564,62425,6458,6645,41009,240,50,40,10,0
2014,3,La Rioja,16.51,15893,23,15916,100,4785,9720,1337,610,0,0,0
2014,3,Mendoza,32.31,166184,1740,167924,350,0,167763,310,120,130,1,0
2014,3,Misiones,23.57,75327,0,75327,6400,13637,53510,5928,1606,0,1,0
2014,3,Neuquén,56.4,100099,2268,102367,1522,3099,80090,1070,2865,100,27,0
2014,3,Río Negro,46.2,96629,1151,97780,364,5189,86868,870,1944,80,9,0
2014,3,Salta,29.22,92929,25,92954,7320,17481,66026,8314,3880,0,0,0
2014,3,San Juan,27.85,51031,748,51779,80,4870,51276,0,0,0,0,0
2014,3,San Luis,9.71,12683,363,13046,80,0,13029,0,0,30,0,0
2014,3,Santa Cruz,28.23,25664,446,26110,1950,1624,24248,10,10,0,0,0
2014,3,Santa Fe,49.2,520196,691,520887,823,112593,357615,23962,12124,380,806,0
2014,3,Santiago Del Estero,16.49,37539,9,37548,7910,9914,23826,2867,1420,0,0,0
2014,3,Tierra Del Fuego,65.69,28037,755,28792,120,3360,32348,20,0,0,0,0
2014,3,Tucumán,33.94,131978,88,132066,60,32716,84668,14101,5590,40,0,0
2014,2,Buenos Aires,55.06,2750430,14116,2764546,6902,162274,2288772,140226,56549,2840,4309,0
2014,2,Capital Federal,113.14,1299502,10713,1310215,8470,81431,1078213,87359,56004,590,6427,0
2014,2,Catamarca,24.7,24660,23,24683,190,8844,13794,1915,1110,0,0,0
2014,2,Chaco,20.96,63243,36,63279,4120,14854,41530,5418,1085,50,0,0
2014,2,Chubut,41.41,68503,2016,70519,2064,6582,61868,0,0,0,0,0
2014,2,Córdoba,53.45,576747,205,576952,2105,101598,429536,28698,14824,760,627,0
2014,2,Corrientes,22.58,62925,33,62958,200,15563,41219,5199,9560,0,0,0
2014,2,Entre Ríos,34.69,135468,115,135583,2187,32781,86757,12564,1162,0,44,0
2014,2,Formosa,17.54,25535,65,25600,2032,8218,13944,1321,850,0,0,0
2014,2,Jujuy,18.71,34359,2,34361,1873,11233,18851,2305,820,0,0,0
2014,2,La Pampa,49.71,55048,580,55628,7032,6761,34089,180,50,40,10,0
2014,2,La Rioja,16.5,15889,23,15912,100,4785,9719,1337,610,0,0,0
2014,2,Mendoza,32.1,165046,1761,166807,350,60,166710,310,100,50,10,0
2014,2,Misiones,23.37,74689,0,74689,5400,13644,53245,5924,1334,20,0,0
2014,2,Neuquén,50.84,90053,2235,92288,1531,3206,79087,920,2289,20,30,0
2014,2,Río Negro,45.33,94812,1145,95957,3468,5507,84978,780,1569,20,8,0
2014,2,Salta,28.91,91949,25,91974,530,18818,64440,8293,3880,0,0,0
2014,2,San Juan,27.78,50891,755,51646,100,5070,51129,0,0,0,0,0
2014,2,San Luis,9.72,12691,364,13055,70,0,13045,0,0,10,2,0
2014,2,Santa Cruz,29.38,26710,459,27169,1530,1637,25374,20,0,0,0,0
2014,2,Santa Fe,48.39,511753,605,512358,8515,115197,353559,23939,10058,340,792,0
2014,2,Santiago Del Estero,16.7,38002,9,38011,1231,9914,23842,2867,1420,0,0,0
2014,2,Tierra Del Fuego,64.36,27443,766,28209,120,3340,31198,20,0,0,0,0
2014,2,Tucumán,33.94,131981,88,132069,60,32714,84675,14101,5590,40,0,0
2014,1,Buenos Aires,54.57,2725732,14144,2739876,8469,171244,2279875,121787,38923,2060,4037,0
2014,1,Capital Federal,112.25,1289204,10714,1299918,8520,88826,1096050,70293,38798,550,6208,0
2014,1,Catamarca,24.25,24209,23,24232,190,9147,13330,1672,640,0,0,0
2014,1,Chaco,20.72,62520,36,62556,4380,15849,40869,4644,7410,50,0,0
2014,1,Chubut,41.24,68205,2016,70221,7452,100,61329,0,0,0,0,0
2014,1,Córdoba,52.52,566705,205,566910,2076,107705,423114,24112,9818,400,588,0
2014,1,Corrientes,22.32,62203,33,62236,200,16357,40742,4486,6300,0,0,0
2014,1,Entre Ríos,34.37,134216,115,134331,2177,35206,85248,10828,7460,0,43,0
2014,1,Formosa,17.42,25335,87,25422,2062,8475,13685,1133,670,0,0,0
2014,1,Jujuy,18.42,33825,2,33827,1832,11498,18415,2002,560,0,0,0
2014,1,La Pampa,48.43,53601,592,54193,7434,6535,32501,170,50,40,10,0
2014,1,La Rioja,16.29,15688,23,15711,100,5111,9390,1165,350,0,0,0
2014,1,Mendoza,31.91,164084,1761,165845,350,60,166655,190,100,60,9,0
2014,1,Misiones,23.14,73950,0,73950,5450,1446,52852,5139,9580,0,0,0
2014,1,Neuquén,49.79,88077,2303,90380,4133,9870,77148,840,1582,20,22,0
2014,1,Río Negro,44.91,93909,1157,95066,467,4618,84304,730,1062,10,8,0
2014,1,Salta,28.7,91265,25,91290,530,19677,64061,7192,3140,0,0,0
2014,1,San Juan,27.6,50543,755,51298,5310,20,51056,0,0,0,0,0
2014,1,San Luis,9.35,12193,364,12557,70,30,12544,0,10,0,2,0
2014,1,Santa Cruz,28.94,26304,460,26764,1610,1625,24972,10,10,0,0,0
2014,1,Santa Fe,47.85,506000,612,506612,8456,124468,345225,20328,6845,230,668,0
2014,1,Santiago Del Estero,16.31,37124,9,37133,1234,10531,22817,2422,1090,0,0,0
2014,1,Tierra Del Fuego,63.97,27272,766,28038,120,6070,30902,60,0,0,0,0
2014,1,Tucumán,33.42,129944,88,130032,60,34672,83210,11779,3620,30,0,0
